<code_scheme name="Fischer" version="173">
  <option name="RIGHT_MARGIN" value="160" />
  <option name="WRAP_WHEN_TYPING_REACHES_RIGHT_MARGIN" value="true" />
  <TypeScriptCodeStyleSettings version="0">
    <option name="FORCE_SEMICOLON_STYLE" value="true" />
    <option name="FIELD_PREFIX" value="" />
    <option name="FILE_NAME_STYLE" value="MIXED" />
    <option name="USE_PUBLIC_MODIFIER" value="true" />
    <option name="PREFER_AS_TYPE_CAST" value="true" />
    <option name="USE_DOUBLE_QUOTES" value="false" />
    <option name="FORCE_QUOTE_STYlE" value="true" />
    <option name="PREFER_EXPLICIT_TYPES_VARS_FIELDS" value="true" />
    <option name="PREFER_EXPLICIT_TYPES_FUNCTION_RETURNS" value="true" />
    <option name="PREFER_EXPLICIT_TYPES_FUNCTION_EXPRESSION_RETURNS" value="true" />
    <option name="ENFORCE_TRAILING_COMMA" value="Remove" />
    <option name="SPACES_WITHIN_IMPORTS" value="true" />
  </TypeScriptCodeStyleSettings>
  <editorconfig>
    <option name="ENABLED" value="false" />
  </editorconfig>
  <codeStyleSettings language="JAVA">
    <option name="WRAP_LONG_LINES" value="true" />
    <indentOptions>
      <option name="CONTINUATION_INDENT_SIZE" value="4" />
    </indentOptions>
  </codeStyleSettings>
  <codeStyleSettings language="TypeScript">
    <option name="ALIGN_MULTILINE_CHAINED_METHODS" value="true" />
    <option name="IF_BRACE_FORCE" value="1" />
    <option name="DOWHILE_BRACE_FORCE" value="3" />
    <option name="WHILE_BRACE_FORCE" value="3" />
    <option name="FOR_BRACE_FORCE" value="3" />
    <indentOptions>
      <option name="INDENT_SIZE" value="3" />
    </indentOptions>
  </codeStyleSettings>
</code_scheme>