<application>
  <component name="com.intellij.ide.ui.customization.CustomActionsSchema">
    <group value="Vcs.UpdateProject" is_action="true" action_type="1" position="1">
      <path value="root" />
      <path value="Main Toolbar" />
      <path value="Left" />
      <path value="VCS Group" />
    </group>
    <group value="Vcs.Push" is_action="true" action_type="1" position="2">
      <path value="root" />
      <path value="Main Toolbar" />
      <path value="Left" />
      <path value="VCS Group" />
    </group>
  </component>
</application>