<application>
  <component name="ProjectManager">
    <defaultProject>
      <component name="PropertiesComponent">{}</component>
      <component name="WindowStateProjectService">
        <state x="3193" y="40" width="654" height="999" key="FileChooserDialogImpl" timestamp="1748366477983">
          <screen x="1920" y="0" width="1920" height="1032" />
        </state>
        <state x="549" y="164" key="FileChooserDialogImpl/0.0.1536.912" timestamp="1746811450391" />
        <state x="3193" y="40" width="654" height="999" key="FileChooserDialogImpl/0.0.1920.1032/1920.0.1920.1032" timestamp="1748366477983" />
        <state x="2866" y="33" width="974" height="999" key="new project wizard" timestamp="1748366492121">
          <screen x="1920" y="0" width="1920" height="1032" />
        </state>
        <state x="368" y="75" width="800" height="675" key="new project wizard/0.0.1536.912" timestamp="1746811474280" />
        <state x="2866" y="33" width="974" height="999" key="new project wizard/0.0.1920.1032/1920.0.1920.1032" timestamp="1748366492121" />
      </component>
      <component name="masterDetails">
        <states>
          <state key="ProjectJDKs.UI">
            <settings>
              <last-edited>22</last-edited>
              <splitter-proportions>
                <option name="proportions">
                  <list>
                    <option value="0.2" />
                  </list>
                </option>
              </splitter-proportions>
            </settings>
          </state>
        </states>
      </component>
    </defaultProject>
  </component>
</application>