<application>
  <component name="SettingsSyncSettings">
    <option name="disabledSubcategories">
      <map>
        <entry key="PLUGINS">
          <value>
            <list>
              <option value="DevKit" />
              <option value="Rider UI Theme Pack" />
              <option value="com.daniel-espinoza.inline-error" />
              <option value="com.redhat.devtools.intellij.telemetry" />
              <option value="org.jetbrains.advocates.rider.plugins.dotnetwatch" />
            </list>
          </value>
        </entry>
      </map>
    </option>
    <option name="migrationFromOldStorageChecked" value="true" />
  </component>
</application>