<application>
  <component name="Trusted.Paths">
    <option name="TRUSTED_PROJECT_PATHS">
      <map>
        <entry key="C:\Entwicklung" value="true" />
        <entry key="C:\Entwicklung\Angular\cart-frontend" value="true" />
        <entry key="C:\Entwicklung\Angular\cart-frontend\cart-frontend" value="true" />
        <entry key="C:\Entwicklung\Angular\tourofheroes\angular-tour-of-heros" value="true" />
        <entry key="C:\Entwicklung\BrowserPlugins\Stockcharts-Favouriter" value="true" />
        <entry key="C:\Entwicklung\Docr\Docr" value="true" />
        <entry key="C:\Entwicklung\DocuMate\frontend\frontend" value="true" />
        <entry key="C:\Entwicklung\EasyLog" value="true" />
        <entry key="C:\Entwicklung\EasyLog\EasyLog" value="true" />
        <entry key="C:\Entwicklung\EasyLog\RestServer" value="true" />
        <entry key="C:\Entwicklung\EasyLog\untitled" value="true" />
        <entry key="C:\Entwicklung\Habbit\Habbit" value="true" />
        <entry key="C:\Entwicklung\LeetCode\LeetCode" value="true" />
        <entry key="C:\Entwicklung\LookingCloselyJava\LookingCloselyJava" value="true" />
        <entry key="C:\Entwicklung\Misc\DSA-Frontendmasters\DSA" value="true" />
        <entry key="C:\Entwicklung\Misc\DSA-Frontendmasters\untitled" value="true" />
        <entry key="C:\Entwicklung\React\test\testingreact" value="true" />
        <entry key="C:\Entwicklung\Temp\JavaGui" value="true" />
        <entry key="C:\Entwicklung\Temp\java-scanner" value="true" />
        <entry key="C:\Entwicklung\Temp\java_async\java_async" value="true" />
        <entry key="C:\Entwicklung\Temp\javascript" value="true" />
        <entry key="C:\Entwicklung\TypingHelper\TypingHelpr" value="true" />
        <entry key="C:\Entwicklung\ZigBack\server\ZigBack-Server" value="true" />
        <entry key="C:\Entwicklung\aoc\6\main" value="true" />
        <entry key="C:\Entwicklung\aoc\java2024\java2024" value="true" />
        <entry key="C:\Entwicklung\cart\cart-backend" value="true" />
        <entry key="C:\Entwicklung\cart\cart-frontend" value="true" />
        <entry key="C:\Entwicklung\dox\backend" value="true" />
        <entry key="C:\Entwicklung\java\harpoon-intellij-plugin\demo" value="true" />
        <entry key="C:\Entwicklung\java\harpoon-intellij-plugin\harpoon" value="true" />
        <entry key="C:\Entwicklung\piko" value="true" />
        <entry key="C:\Entwicklung\piko\FE" value="true" />
        <entry key="C:\Entwicklung\sekur\clients\sekur-client-windows\sekur-client-windows" value="true" />
        <entry key="C:\Entwicklung\sekur\server\sekur-server" value="true" />
        <entry key="C:\Entwicklung\skifunz\SkiFunZ" value="true" />
        <entry key="C:\Entwicklung\speedtests\ILST\client\Pulse" value="true" />
        <entry key="C:\Entwicklung\speedtests\ILST\quarkus\code-with-quarkus" value="true" />
        <entry key="C:\Entwicklung\speedtests\ILST\quarkus\ilst_quarkus" value="true" />
        <entry key="C:\Entwicklung\speedtests\ILST\request_client\request_client_java" value="true" />
        <entry key="C:\Entwicklung\speedtests\ILST\server\quarkus\quarkus" value="true" />
        <entry key="C:\Entwicklung\vantage\vantage-backend\vantage-backend" value="true" />
        <entry key="C:\Entwicklung\webflux\learning-webflux" value="true" />
        <entry key="C:\Entwicklung\webflux\lite-rx" value="true" />
        <entry key="C:\Users\manue\Downloads\RestServer\RestServer" value="true" />
      </map>
    </option>
  </component>
</application>