<application>
  <component name="DimensionService">
    <location key="find.popup.0.0.1920.1200@120dpi" x="665" y="150" />
    <location key="find.popup.1920.0.1920.1080" x="2643" y="126" />
    <location key="find.popup.0.0.1920.1200@150dpi" x="581" y="0" />
    <size key="GridCell.Tab.0.right.0.0.1920.1200@120dpi" width="1650" height="373" />
    <size key="GridCell.Tab.0.left.0.0.1920.1200@120dpi" width="1650" height="373" />
    <size key="GridCell.Tab.0.center.0.0.1920.1200@120dpi" width="1650" height="373" />
    <size key="GridCell.Tab.0.bottom.0.0.1920.1200@120dpi" width="1650" height="373" />
    <size key="GridCell.Tab.1.left.0.0.1920.1200@120dpi" width="1650" height="373" />
    <size key="GridCell.Tab.1.center.0.0.1920.1200@120dpi" width="1650" height="373" />
    <size key="GridCell.Tab.1.right.0.0.1920.1200@120dpi" width="1650" height="373" />
    <size key="GridCell.Tab.1.bottom.0.0.1920.1200@120dpi" width="1650" height="373" />
    <size key="find.popup.0.0.1920.1200@120dpi" width="814" height="660" />
    <size key="GridCell.Tab.-1.left.0.0.1920.1200@120dpi" width="1838" height="372" />
    <size key="GridCell.Tab.-1.center.0.0.1920.1200@120dpi" width="1838" height="372" />
    <size key="GridCell.Tab.-1.right.0.0.1920.1200@120dpi" width="1838" height="372" />
    <size key="GridCell.Tab.-1.bottom.0.0.1920.1200@120dpi" width="1838" height="372" />
    <size key="GridCell.Tab.0.left.0.0.1920.1080" width="1471" height="448" />
    <size key="GridCell.Tab.0.center.0.0.1920.1080" width="1471" height="448" />
    <size key="GridCell.Tab.0.right.0.0.1920.1080" width="1471" height="448" />
    <size key="GridCell.Tab.0.bottom.0.0.1920.1080" width="1471" height="448" />
    <size key="GridCell.Tab.1.left.0.0.1920.1080" width="1471" height="767" />
    <size key="GridCell.Tab.1.center.0.0.1920.1080" width="1471" height="767" />
    <size key="GridCell.Tab.1.right.0.0.1920.1080" width="1471" height="767" />
    <size key="GridCell.Tab.1.bottom.0.0.1920.1080" width="1471" height="767" />
    <size key="GridCell.Tab.0.left.1920.0.1920.1080" width="1852" height="295" />
    <size key="GridCell.Tab.0.center.1920.0.1920.1080" width="1852" height="295" />
    <size key="GridCell.Tab.0.right.1920.0.1920.1080" width="1852" height="295" />
    <size key="GridCell.Tab.0.bottom.1920.0.1920.1080" width="1852" height="295" />
    <size key="GridCell.Tab.1.left.1920.0.1920.1080" width="1852" height="295" />
    <size key="GridCell.Tab.1.center.1920.0.1920.1080" width="1852" height="295" />
    <size key="GridCell.Tab.1.right.1920.0.1920.1080" width="1852" height="295" />
    <size key="GridCell.Tab.1.bottom.1920.0.1920.1080" width="1852" height="295" />
    <size key="find.popup.1920.0.1920.1080" width="649" height="528" />
    <size key="GridCell.Tab.0.left.0.0.1920.1200@150dpi" width="1813" height="585" />
    <size key="GridCell.Tab.0.center.0.0.1920.1200@150dpi" width="1813" height="585" />
    <size key="GridCell.Tab.0.right.0.0.1920.1200@150dpi" width="1813" height="585" />
    <size key="GridCell.Tab.0.bottom.0.0.1920.1200@150dpi" width="1813" height="585" />
    <size key="find.popup.0.0.1920.1200@150dpi" width="993" height="1140" />
    <size key="GridCell.Tab.1.left.0.0.1920.1200@150dpi" width="1813" height="585" />
    <size key="GridCell.Tab.1.center.0.0.1920.1200@150dpi" width="1813" height="585" />
    <size key="GridCell.Tab.1.right.0.0.1920.1200@150dpi" width="1813" height="585" />
    <size key="GridCell.Tab.1.bottom.0.0.1920.1200@150dpi" width="1813" height="585" />
  </component>
  <component name="WindowManager">
    <frame x="1913" y="40" width="1934" height="999" />
  </component>
  <component name="WindowStateApplicationService">
    <state x="549" y="163" key="FileChooserDialogImpl" timestamp="1744408808399">
      <screen x="0" y="0" width="1536" height="912" />
    </state>
    <state x="762" y="40" width="781" height="878" key="FileChooserDialogImpl.ideScale=125" timestamp="1747169526127">
      <screen x="0" y="0" width="1536" height="912" />
    </state>
    <state x="762" y="40" width="781" height="878" key="FileChooserDialogImpl.ideScale=125/0.0.1536.912" timestamp="1747169526127" />
    <state x="549" y="163" key="FileChooserDialogImpl/0.0.1536.912" timestamp="1744408808399" />
    <state x="2742" y="294" key="FileChooserDialogImpl/0.0.1920.1032/1920.0.1920.1032" timestamp="1743005386244" />
    <state width="649" height="120" key="ShowUsagesActions.dimensionServiceKey" timestamp="1748078082329">
      <screen x="0" y="0" width="1920" height="1032" />
    </state>
    <state width="703" height="233" key="ShowUsagesActions.dimensionServiceKey.ideScale=125" timestamp="1747253705171">
      <screen x="0" y="0" width="1536" height="912" />
    </state>
    <state width="703" height="233" key="ShowUsagesActions.dimensionServiceKey.ideScale=125/0.0.1536.912" timestamp="1747253705171" />
    <state width="761" height="142" key="ShowUsagesActions.dimensionServiceKey/0.0.1536.912" timestamp="1744363291223" />
    <state width="649" height="120" key="ShowUsagesActions.dimensionServiceKey/0.0.1920.1032/1920.0.1920.1032" timestamp="1748078082329" />
  </component>
</application>