<keymap version="1" name="Visual Studio copy" parent="Visual Studio">
  <action id="Arrangement.Rule.Edit" />
  <action id="BookmarksView.Rename" />
  <action id="Console.TableResult.EditValue">
    <keyboard-shortcut first-keystroke="enter" />
    <keyboard-shortcut first-keystroke="alt enter" />
  </action>
  <action id="Console.TableResult.GotoReferencedResult">
    <mouse-shortcut keystroke="button1 doubleClick" />
    <keyboard-shortcut first-keystroke="enter" />
    <keyboard-shortcut first-keystroke="alt enter" />
  </action>
  <action id="ContextHelp" />
  <action id="DatabaseView.DeactivateAction" />
  <action id="Debug">
    <keyboard-shortcut first-keystroke="f1" />
  </action>
  <action id="DebugClass">
    <keyboard-shortcut first-keystroke="shift f1" />
  </action>
  <action id="Docker.RemoteServers.StopComposeService" />
  <action id="Docker.RemoteServers.StopContainer" />
  <action id="Documentation.ViewExternal" />
  <action id="ExternalJavaDoc" />
  <action id="Graph.ApplyCurrentLayout" />
  <action id="Graph.RouteEdges" />
  <action id="RiderProjectDiagramApplyCurrentLayout" />
  <action id="Run">
    <keyboard-shortcut first-keystroke="f2" />
  </action>
  <action id="RunClass">
    <keyboard-shortcut first-keystroke="shift f2" />
  </action>
  <action id="RunDashboard.Run">
    <keyboard-shortcut first-keystroke="shift f5" />
  </action>
  <action id="RunDashboard.Stop" />
  <action id="Stop" />
  <action id="Table-startEditing" />
  <action id="Tree-startEditing" />
  <action id="XDebugger.EditWatch" />
  <action id="XDebugger.SetValue" />
  <action id="runShellFileAction">
    <keyboard-shortcut first-keystroke="shift f5" />
  </action>
</keymap>