<keymap version="1" name="Windows copy" parent="$default">
  <action id="Arrangement.Rule.Edit" />
  <action id="BookmarksView.Rename" />
  <action id="ChangesView.Rename" />
  <action id="Console.TableResult.EditValue">
    <keyboard-shortcut first-keystroke="enter" />
    <keyboard-shortcut first-keystroke="alt enter" />
  </action>
  <action id="Console.TableResult.GotoReferencedResult">
    <mouse-shortcut keystroke="button1 doubleClick" />
    <keyboard-shortcut first-keystroke="enter" />
    <keyboard-shortcut first-keystroke="alt enter" />
  </action>
  <action id="ContextHelp" />
  <action id="CopyElement" />
  <action id="Debug">
    <keyboard-shortcut first-keystroke="f1" />
  </action>
  <action id="DebugClass">
    <keyboard-shortcut first-keystroke="shift f1" />
  </action>
  <action id="Debugger.EditArrayFilter" />
  <action id="Debugger.EditCustomField" />
  <action id="ExternalJavaDoc" />
  <action id="Git.Rename.Local.Branch" />
  <action id="Git.Reword.Commit" />
  <action id="GotoNextError" />
  <action id="GotoPreviousError" />
  <action id="Graph.ApplyCurrentLayout" />
  <action id="Graph.RouteEdges" />
  <action id="GuiDesigner.EditComponent" />
  <action id="GuiDesigner.EditGroup" />
  <action id="Move" />
  <action id="RenameElement" />
  <action id="Resume">
    <keyboard-shortcut first-keystroke="f5" />
  </action>
  <action id="Run">
    <keyboard-shortcut first-keystroke="f2" />
  </action>
  <action id="RunClass">
    <keyboard-shortcut first-keystroke="shift f2" />
  </action>
  <action id="ShelvedChanges.Rename" />
  <action id="SwitcherPreviousProblem" />
  <action id="Table-startEditing" />
  <action id="Tree-startEditing" />
  <action id="XDebugger.SetValue" />
</keymap>